Fecha; MSCI COLCAP ; COLSC ; COLIR ; COLEQTY ; COLTESUVRLP ; COLTESUVRCP ; COLTESUVR ; COLTESLP ; COLTESCP ; COLTES ; COLIBR 
2/01/18; 1.516,68 ; 968,21 ; 977,90 ; 1.043,97 ;;; 259,43 ; 276,33 ; 226,51 ; 249,58 ; 166,97 
3/01/18; 1.515,84 ; 969,85 ; 977,87 ; 1.043,53 ;;; 259,77 ; 277,44 ; 226,82 ; 250,33 ; 166,99 
4/01/18; 1.531,68 ; 971,69 ; 987,68 ; 1.053,55 ;;; 260,20 ; 277,51 ; 226,88 ; 250,39 ; 167,01 
5/01/18; 1.545,57 ; 969,06 ; 996,71 ; 1.062,88 ;;; 260,30 ; 277,86 ; 226,83 ; 250,56 ; 167,04 
9/01/18; 1.547,31 ; 960,59 ; 998,17 ; 1.064,17 ;;; 260,63 ; 278,31 ; 226,82 ; 250,80 ; 167,12 
10/01/18; 1.537,70 ; 958,91 ; 991,68 ; 1.057,74 ;;; 260,29 ; 277,87 ; 226,79 ; 250,54 ; 167,14 
11/01/18; 1.523,33 ; 960,51 ; 982,52 ; 1.048,39 ;;; 260,26 ; 278,48 ; 226,92 ; 250,94 ; 167,16 
12/01/18; 1.521,41 ; 957,79 ; 980,77 ; 1.046,59 ;;; 259,74 ; 278,26 ; 226,85 ; 250,79 ; 167,18 
15/01/18; 1.513,76 ; 945,43 ; 976,43 ; 1.041,63 ;;; 259,45 ; 277,59 ; 226,73 ; 250,37 ; 167,25 
16/01/18; 1.539,10 ; 944,94 ; 992,88 ; 1.058,08 ;;; 259,17 ; 276,84 ; 226,58 ; 249,89 ; 167,27 
17/01/18; 1.543,54 ; 945,61 ; 995,64 ; 1.061,00 ;;; 259,18 ; 276,97 ; 226,79 ; 250,05 ; 167,29 
18/01/18; 1.548,07 ; 955,07 ; 998,53 ; 1.064,27 ;;; 258,76 ; 276,36 ; 226,80 ; 249,72 ; 167,31 
19/01/18; 1.551,04 ; 959,29 ; 1.000,53 ; 1.066,27 ;;; 258,56 ; 276,12 ; 226,77 ; 249,57 ; 167,33 
22/01/18; 1.557,86 ; 961,93 ; 1.005,56 ; 1.071,18 ;;; 258,73 ; 276,27 ; 226,92 ; 249,72 ; 167,40 
23/01/18; 1.570,34 ; 963,10 ; 1.014,03 ; 1.079,69 ;;; 258,67 ; 276,74 ; 227,03 ; 250,03 ; 167,42 
24/01/18; 1.589,60 ; 964,79 ; 1.026,20 ; 1.092,19 ;;; 258,93 ; 277,35 ; 227,20 ; 250,44 ; 167,44 
25/01/18; 1.588,97 ; 963,01 ; 1.025,45 ; 1.091,36 ;;; 259,23 ; 278,14 ; 227,50 ; 251,00 ; 167,46 
26/01/18; 1.592,82 ; 968,82 ; 1.028,05 ; 1.094,00 ;;; 259,02 ; 277,80 ; 227,44 ; 250,79 ; 167,48 
29/01/18; 1.598,40 ; 969,60 ; 1.032,06 ; 1.098,01 ;;; 259,19 ; 277,79 ; 227,56 ; 250,83 ; 167,54 
30/01/18; 1.582,98 ; 968,55 ; 1.022,08 ; 1.087,46 ;;; 258,73 ; 277,48 ; 227,09 ; 250,46 ; 167,57 
31/01/18; 1.558,18 ; 963,96 ; 1.006,32 ; 1.070,73 ;;; 259,02 ; 278,27 ; 227,05 ; 250,88 ; 167,59 
1/02/18; 1.580,97 ; 964,57 ; 1.020,40 ; 1.085,10 ;;; 259,20 ; 278,74 ; 227,07 ; 251,15 ; 167,61 
2/02/18; 1.567,74 ; 962,23 ; 1.013,43 ; 1.077,63 ;;; 259,19 ; 278,32 ; 227,05 ; 250,91 ; 167,63 
5/02/18; 1.523,07 ; 958,33 ; 986,24 ; 1.049,71 ;;; 258,62 ; 276,97 ; 226,64 ; 249,99 ; 167,69 
6/02/18; 1.526,83 ; 959,96 ; 987,75 ; 1.051,66 ;;; 258,69 ; 276,77 ; 226,66 ; 249,89 ; 167,71 
7/02/18; 1.526,87 ; 959,49 ; 988,94 ; 1.052,37 ;;; 258,92 ; 277,11 ; 226,84 ; 250,15 ; 167,73 
8/02/18; 1.504,77 ; 957,89 ; 975,55 ; 1.038,33 ;;; 258,43 ; 276,01 ; 226,77 ; 249,51 ; 167,75 
9/02/18; 1.500,99 ; 951,33 ; 971,50 ; 1.034,12 ;;; 258,49 ; 276,07 ; 226,71 ; 249,52 ; 167,77 
12/02/18; 1.509,48 ; 947,34 ; 977,51 ; 1.040,60 ;;; 258,93 ; 276,46 ; 226,82 ; 249,79 ; 167,83 
13/02/18; 1.504,98 ; 947,25 ; 975,11 ; 1.037,79 ;;; 259,49 ; 276,26 ; 226,74 ; 249,64 ; 167,85 
14/02/18; 1.518,78 ; 947,80 ; 982,62 ; 1.045,58 ;;; 259,99 ; 275,88 ; 226,74 ; 249,43 ; 167,87 
15/02/18; 1.514,36 ; 948,53 ; 979,53 ; 1.042,84 ;;; 259,93 ; 275,52 ; 226,83 ; 249,27 ; 167,89 
16/02/18; 1.520,71 ; 947,99 ; 984,46 ; 1.047,35 ;;; 260,01 ; 275,99 ; 227,03 ; 249,61 ; 167,91 
19/02/18; 1.515,70 ; 947,24 ; 981,26 ; 1.044,14 ;;; 260,06 ; 275,97 ; 227,10 ; 249,64 ; 167,97 
20/02/18; 1.517,39 ; 947,11 ; 981,69 ; 1.044,80 ;;; 260,17 ; 275,47 ; 227,19 ; 249,40 ; 167,99 
21/02/18; 1.525,24 ; 948,33 ; 987,25 ; 1.050,40 ;;; 259,70 ; 275,52 ; 227,40 ; 249,52 ; 168,01 
22/02/18; 1.532,20 ; 944,81 ; 990,28 ; 1.053,40 ;;; 259,82 ; 276,06 ; 227,55 ; 249,88 ; 168,03 
23/02/18; 1.532,60 ; 944,78 ; 990,03 ; 1.053,30 ;;; 259,99 ; 276,62 ; 227,60 ; 250,21 ; 168,05 
26/02/18; 1.524,90 ; 941,44 ; 984,83 ; 1.047,92 ;;; 260,13 ; 277,14 ; 227,75 ; 250,56 ; 168,11 
27/02/18; 1.516,53 ; 938,75 ; 979,91 ; 1.042,67 ;;; 259,78 ; 276,91 ; 227,70 ; 250,41 ; 168,13 
28/02/18; 1.478,33 ; 935,08 ; 956,80 ; 1.018,15 ;;; 259,58 ; 276,20 ; 227,53 ; 249,95 ; 168,15 
1/03/18; 1.466,28 ; 931,17 ; 949,86 ; 1.010,26 ;;; 259,01 ; 274,32 ; 227,15 ; 248,75 ; 168,17 
2/03/18; 1.456,38 ; 922,97 ; 942,43 ; 1.002,68 ;;; 258,94 ; 273,67 ; 227,14 ; 248,39 ; 168,19 
5/03/18; 1.469,83 ; 916,82 ; 950,96 ; 1.011,22 ;;; 259,21 ; 273,83 ; 227,42 ; 248,59 ; 168,26 
6/03/18; 1.475,53 ; 915,33 ; 954,31 ; 1.014,83 ;;; 259,41 ; 274,60 ; 227,65 ; 249,12 ; 168,28 
7/03/18; 1.473,76 ; 917,80 ; 953,97 ; 1.014,24 ;;; 258,79 ; 274,11 ; 227,55 ; 248,80 ; 168,30 
8/03/18; 1.474,31 ; 913,31 ; 953,88 ; 1.014,25 ;;; 258,45 ; 274,19 ; 227,70 ; 248,91 ; 168,32 
9/03/18; 1.482,10 ; 913,27 ; 958,38 ; 1.019,29 ;;; 258,37 ; 274,65 ; 227,83 ; 249,22 ; 168,34 
12/03/18; 1.478,88 ; 913,07 ; 956,93 ; 1.017,69 ;;; 258,84 ; 276,15 ; 228,12 ; 250,17 ; 168,40 
13/03/18; 1.467,60 ; 911,64 ; 949,42 ; 1.009,11 ;;; 259,08 ; 276,86 ; 228,31 ; 250,65 ; 168,42 
14/03/18; 1.463,78 ; 913,15 ; 946,97 ; 1.006,58 ;;; 259,22 ; 277,06 ; 228,26 ; 250,73 ; 168,44 
15/03/18; 1.467,22 ; 910,91 ; 948,98 ; 1.008,68 ;;; 259,49 ; 277,28 ; 228,51 ; 250,96 ; 168,46 
16/03/18; 1.475,75 ; 908,89 ; 953,30 ; 1.013,27 ;;; 259,61 ; 277,90 ; 228,65 ; 251,37 ; 168,48 
20/03/18; 1.476,89 ; 906,55 ; 953,25 ; 1.013,34 ;;; 259,69 ; 278,02 ; 228,83 ; 251,51 ; 168,56 
21/03/18; 1.486,03 ; 908,88 ; 958,76 ; 1.019,39 ;;; 259,67 ; 278,06 ; 228,90 ; 251,56 ; 168,58 
22/03/18; 1.468,44 ; 910,53 ; 948,38 ; 1.009,04 ;;; 259,67 ; 278,05 ; 228,88 ; 251,55 ; 168,60 
23/03/18; 1.459,06 ; 902,01 ; 941,74 ; 1.001,96 ;;; 259,53 ; 277,75 ; 228,83 ; 251,37 ; 168,62 
26/03/18; 1.469,04 ; 898,01 ; 946,35 ; 1.006,69 ;;; 259,83 ; 278,50 ; 229,17 ; 251,92 ; 168,68 
27/03/18; 1.450,00 ; 903,75 ; 935,34 ; 995,57 ;;; 260,58 ; 280,22 ; 229,61 ; 253,06 ; 168,70 
28/03/18; 1.455,52 ; 903,19 ; 940,34 ; 1.000,59 ;;; 260,82 ; 281,01 ; 229,58 ; 253,48 ; 168,72 
2/04/18; 1.470,88 ; 900,26 ; 948,88 ; 1.009,32 ;;; 260,79 ; 281,00 ; 229,63 ; 253,50 ; 168,82 
3/04/18; 1.492,84 ; 903,24 ; 962,24 ; 1.023,26 ;;; 260,87 ; 281,09 ; 229,74 ; 253,59 ; 168,84 
4/04/18; 1.497,59 ; 896,59 ; 964,59 ; 1.025,71 ;;; 260,58 ; 280,90 ; 229,72 ; 253,47 ; 168,86 
5/04/18; 1.514,84 ; 896,81 ; 975,55 ; 1.037,28 ;;; 261,02 ; 281,41 ; 229,88 ; 253,83 ; 168,88 
6/04/18; 1.520,76 ; 899,59 ; 979,46 ; 1.041,31 ;;; 261,28 ; 282,52 ; 230,30 ; 254,63 ; 168,90 
9/04/18; 1.531,72 ; 912,84 ; 986,75 ; 1.049,44 ;;; 261,32 ; 282,33 ; 230,51 ; 254,60 ; 168,96 
10/04/18; 1.548,01 ; 908,01 ; 996,15 ; 1.059,13 ;;; 261,56 ; 283,38 ; 230,85 ; 255,34 ; 168,98 
11/04/18; 1.560,08 ; 906,75 ; 1.001,31 ; 1.064,82 ;;; 262,16 ; 284,11 ; 231,01 ; 255,82 ; 169,00 
12/04/18; 1.555,87 ; 908,22 ; 999,28 ; 1.062,59 ;;; 261,94 ; 283,20 ; 230,94 ; 255,28 ; 169,02 
13/04/18; 1.538,44 ; 906,42 ; 989,35 ; 1.052,30 ;;; 262,09 ; 283,65 ; 231,27 ; 255,67 ; 169,04 
16/04/18; 1.530,00 ; 906,85 ; 984,87 ; 1.047,45 ;;; 261,89 ; 284,16 ; 231,47 ; 256,04 ; 169,10 
17/04/18; 1.552,16 ; 903,66 ; 997,90 ; 1.061,03 ;;; 261,94 ; 284,58 ; 231,63 ; 256,34 ; 169,12 
18/04/18; 1.562,16 ; 904,26 ; 1.004,20 ; 1.067,49 ;;; 262,42 ; 284,63 ; 231,66 ; 256,38 ; 169,14 
19/04/18; 1.572,45 ; 901,00 ; 1.009,82 ; 1.072,99 ;;; 262,74 ; 283,90 ; 231,59 ; 255,94 ; 169,16 
20/04/18; 1.561,45 ; 898,07 ; 1.002,97 ; 1.065,73 ;;; 262,82 ; 284,04 ; 231,62 ; 256,03 ; 169,18 
23/04/18; 1.576,65 ; 903,03 ; 1.011,67 ; 1.075,09 ;;; 262,88 ; 283,83 ; 231,55 ; 255,89 ; 169,24 
24/04/18; 1.562,55 ; 900,61 ; 1.003,51 ; 1.066,50 ;;; 262,85 ; 283,90 ; 231,57 ; 255,93 ; 169,26 
25/04/18; 1.558,05 ; 902,31 ; 1.000,68 ; 1.063,78 ;;; 262,70 ; 283,37 ; 231,48 ; 255,59 ; 169,28 
26/04/18; 1.553,34 ; 898,52 ; 998,37 ; 1.060,78 ;;; 262,90 ; 284,03 ; 231,64 ; 256,03 ; 169,30 
27/04/18; 1.566,45 ; 900,84 ; 1.005,64 ; 1.068,59 ;;; 263,22 ; 284,30 ; 231,76 ; 256,23 ; 169,32 
30/04/18; 1.565,56 ; 899,81 ; 1.004,72 ; 1.067,94 ;;; 263,19 ; 284,32 ; 231,80 ; 256,26 ; 169,38 
2/05/18; 1.565,67 ; 901,47 ; 1.004,85 ; 1.068,11 ;;; 262,97 ; 282,01 ; 231,80 ; 254,97 ; 169,42 
3/05/18; 1.553,03 ; 901,63 ; 995,40 ; 1.058,46 ;;; 262,78 ; 281,76 ; 231,83 ; 254,84 ; 169,44 
4/05/18; 1.547,04 ; 901,52 ; 991,86 ; 1.054,73 ;;; 262,77 ; 281,48 ; 231,80 ; 254,67 ; 169,46 
7/05/18; 1.544,26 ; 903,75 ; 991,18 ; 1.053,83 ;;; 262,99 ; 281,51 ; 231,66 ; 254,63 ; 169,52 
8/05/18; 1.546,45 ; 903,51 ; 991,16 ; 1.053,94 ;;; 262,43 ; 282,61 ; 231,38 ; 255,13 ; 169,54 
9/05/18; 1.558,46 ; 902,22 ; 998,28 ; 1.061,25 ;;; 262,38 ; 282,19 ; 231,33 ; 254,88 ; 169,56 
10/05/18; 1.552,64 ; 895,08 ; 996,34 ; 1.058,73 ;;; 262,96 ; 283,21 ; 231,54 ; 255,54 ; 169,58 
11/05/18; 1.550,08 ; 893,11 ; 993,59 ; 1.056,20 ;;; 263,08 ; 283,25 ; 231,56 ; 255,57 ; 169,60 
15/05/18; 1.571,47 ; 885,63 ; 1.004,62 ; 1.067,56 ;;; 262,70 ; 282,37 ; 231,45 ; 255,03 ; 169,67 
16/05/18; 1.547,37 ; 880,83 ; 990,26 ; 1.052,72 ;;; 262,92 ; 282,27 ; 231,39 ; 254,95 ; 169,69 
17/05/18; 1.525,54 ; 877,69 ; 975,94 ; 1.038,14 ;;; 263,84 ; 281,69 ; 231,18 ; 254,54 ; 169,71 
18/05/18; 1.520,52 ; 866,50 ; 972,74 ; 1.034,89 ;;; 263,01 ; 280,10 ; 230,77 ; 253,47 ; 169,73 
21/05/18; 1.516,71 ; 867,53 ; 970,13 ; 1.032,64 ;;; 263,67 ; 280,96 ; 230,90 ; 254,00 ; 169,79 
22/05/18; 1.524,84 ; 865,34 ; 975,68 ; 1.038,40 ;;; 263,94 ; 281,65 ; 231,09 ; 254,48 ; 169,81 
23/05/18; 1.523,17 ; 863,87 ; 976,69 ; 1.039,17 ;;; 264,07 ; 282,15 ; 231,12 ; 254,77 ; 169,83 
24/05/18; 1.528,32 ; 870,77 ; 979,23 ; 1.042,23 ;;; 264,50 ; 282,56 ; 231,30 ; 255,07 ; 169,85 
25/05/18; 1.526,36 ; 877,15 ; 979,71 ; 1.042,83 ;;; 264,73 ; 282,20 ; 231,34 ; 254,89 ; 169,87 
28/05/18; 1.524,44 ; 879,84 ; 978,66 ; 1.041,99 ;;; 265,51 ; 282,60 ; 231,56 ; 255,20 ; 169,92 
29/05/18; 1.539,19 ; 878,37 ; 986,26 ; 1.050,05 ;;; 265,71 ; 282,41 ; 231,50 ; 255,07 ; 169,94 
30/05/18; 1.546,03 ; 871,39 ; 989,07 ; 1.053,55 ;;; 265,51 ; 282,20 ; 231,47 ; 254,94 ; 169,96 
31/05/18; 1.546,71 ; 872,45 ; 990,32 ; 1.054,41 ;;; 265,29 ; 281,96 ; 231,37 ; 254,76 ; 169,98 
1/06/18; 1.564,47 ; 876,43 ; 1.001,90 ; 1.066,67 ;;; 265,85 ; 282,36 ; 231,54 ; 255,06 ; 170,00 
5/06/18; 1.559,67 ; 885,38 ; 998,89 ; 1.063,78 ;;; 266,94 ; 282,68 ; 231,80 ; 255,35 ; 170,08 
6/06/18; 1.554,59 ; 878,88 ; 997,26 ; 1.061,69 ;;; 266,94 ; 283,78 ; 231,96 ; 256,04 ; 170,10 
7/06/18; 1.549,53 ; 880,24 ; 993,32 ; 1.057,66 ;;; 266,38 ; 283,27 ; 231,85 ; 255,70 ; 170,12 
8/06/18; 1.547,96 ; 880,59 ; 992,44 ; 1.056,82 ;;; 266,00 ; 282,60 ; 231,68 ; 255,25 ; 170,14 
12/06/18; 1.550,56 ; 877,03 ; 994,24 ; 1.058,93 ;;; 266,15 ; 282,51 ; 231,67 ; 255,20 ; 170,22 
13/06/18; 1.553,18 ; 874,76 ; 995,51 ; 1.060,12 ;;; 266,13 ; 282,53 ; 231,63 ; 255,19 ; 170,24 
14/06/18; 1.550,94 ; 881,03 ; 994,77 ; 1.059,40 ;;; 266,65 ; 282,67 ; 231,61 ; 255,26 ; 170,25 
15/06/18; 1.541,23 ; 880,80 ; 988,41 ; 1.052,64 ;;; 266,38 ; 281,82 ; 231,40 ; 254,69 ; 170,27 
18/06/18; 1.555,54 ; 880,39 ; 997,26 ; 1.062,14 ;;; 266,56 ; 281,90 ; 231,49 ; 254,77 ; 170,33 
19/06/18; 1.537,50 ; 877,48 ; 986,99 ; 1.051,06 ;;; 266,58 ; 282,01 ; 231,51 ; 254,84 ; 170,35 
20/06/18; 1.532,26 ; 874,94 ; 983,81 ; 1.047,73 ;;; 266,67 ; 282,65 ; 231,57 ; 255,24 ; 170,37 
21/06/18; 1.534,39 ; 878,58 ; 985,73 ; 1.049,77 ;;; 266,07 ; 281,95 ; 231,36 ; 254,75 ; 170,39 
22/06/18; 1.522,79 ; 877,37 ; 977,33 ; 1.040,84 ;;; 266,29 ; 282,38 ; 231,51 ; 255,06 ; 170,41 
25/06/18; 1.522,66 ; 873,70 ; 978,62 ; 1.042,03 ;;; 266,52 ; 282,72 ; 231,65 ; 255,31 ; 170,47 
26/06/18; 1.543,80 ; 878,50 ; 991,65 ; 1.055,52 ;;; 266,63 ; 282,80 ; 231,68 ; 255,37 ; 170,49 
27/06/18; 1.550,35 ; 877,22 ; 994,27 ; 1.058,53 ;;; 266,81 ; 283,01 ; 231,76 ; 255,52 ; 170,51 
28/06/18; 1.555,61 ; 877,30 ; 997,04 ; 1.061,40 ;;; 266,67 ; 282,47 ; 231,76 ; 255,21 ; 170,53 
29/06/18; 1.577,01 ; 875,58 ; 1.010,69 ; 1.075,68 ;;; 266,78 ; 282,81 ; 231,89 ; 255,46 ; 170,55 
3/07/18; 1.561,27 ; 875,11 ; 1.001,35 ; 1.065,98 ;;; 267,16 ; 283,58 ; 232,20 ; 256,03 ; 170,62 
4/07/18; 1.570,90 ; 874,44 ; 1.008,03 ; 1.072,68 ;;; 267,03 ; 283,67 ; 232,25 ; 256,10 ; 170,64 
5/07/18; 1.566,95 ; 872,93 ; 1.006,34 ; 1.070,83 ;;; 267,30 ; 283,82 ; 232,30 ; 256,21 ; 170,66 
6/07/18; 1.557,59 ; 871,93 ; 999,04 ; 1.063,04 ;;; 267,56 ; 283,79 ; 232,18 ; 256,14 ; 170,68 
9/07/18; 1.555,39 ; 872,32 ; 996,31 ; 1.060,61 ;;; 267,79 ; 283,81 ; 232,14 ; 256,14 ; 170,74 
10/07/18; 1.561,16 ; 872,87 ; 999,56 ; 1.063,90 ;;; 267,58 ; 283,74 ; 232,19 ; 256,12 ; 170,76 
11/07/18; 1.554,15 ; 867,26 ; 996,21 ; 1.060,18 ;;; 267,62 ; 283,60 ; 232,21 ; 256,04 ; 170,78 
12/07/18; 1.545,52 ; 859,01 ; 990,36 ; 1.053,84 ;;; 267,29 ; 283,37 ; 232,17 ; 255,89 ; 170,80 
13/07/18; 1.546,75 ; 866,34 ; 991,55 ; 1.055,00 ;;; 267,43 ; 283,21 ; 232,41 ; 255,90 ; 170,82 
16/07/18; 1.551,33 ; 863,44 ; 995,14 ; 1.058,53 ;;; 267,47 ; 283,04 ; 232,48 ; 255,83 ; 170,88 
17/07/18; 1.549,97 ; 866,61 ; 994,31 ; 1.057,49 ;;; 267,59 ; 282,59 ; 232,50 ; 255,57 ; 170,90 
18/07/18; 1.552,15 ; 864,49 ; 995,68 ; 1.059,02 ;;; 267,31 ; 282,93 ; 232,71 ; 255,85 ; 170,92 
19/07/18; 1.547,34 ; 866,15 ; 992,62 ; 1.055,94 ;;; 267,27 ; 283,20 ; 232,74 ; 256,02 ; 170,94 
23/07/18; 1.549,19 ; 866,00 ; 993,16 ; 1.056,61 ;;; 267,36 ; 283,30 ; 232,93 ; 256,16 ; 171,01 
24/07/18; 1.545,03 ; 866,77 ; 990,54 ; 1.053,81 ;;; 267,44 ; 282,83 ; 232,87 ; 255,86 ; 171,03 
25/07/18; 1.527,40 ; 867,68 ; 978,44 ; 1.041,16 ;;; 267,40 ; 282,37 ; 233,00 ; 255,65 ; 171,05 
26/07/18; 1.537,36 ; 868,52 ; 984,82 ; 1.048,01 ;;; 267,21 ; 282,35 ; 233,09 ; 255,67 ; 171,07 
27/07/18; 1.536,13 ; 869,06 ; 984,56 ; 1.047,77 ;;; 266,76 ; 282,31 ; 233,17 ; 255,68 ; 171,09 
30/07/18; 1.548,13 ; 870,46 ; 991,14 ; 1.054,61 ;;; 266,68 ; 282,07 ; 233,15 ; 255,53 ; 171,15 
31/07/18; 1.526,60 ; 871,24 ; 977,28 ; 1.040,06 ;;; 266,45 ; 281,37 ; 232,99 ; 255,07 ; 171,17 
1/08/18; 1.540,41 ; 870,64 ; 985,18 ; 1.048,34 ;;; 265,94 ; 281,00 ; 232,99 ; 254,85 ; 171,19 
2/08/18; 1.529,17 ; 872,88 ; 977,31 ; 1.040,61 ;;; 265,87 ; 281,12 ; 232,98 ; 254,92 ; 171,21 
3/08/18; 1.531,96 ; 866,79 ; 979,52 ; 1.042,71 ;;; 265,98 ; 281,52 ; 233,09 ; 255,19 ; 171,23 
6/08/18; 1.528,09 ; 867,54 ; 975,79 ; 1.039,06 ;;; 265,46 ; 281,81 ; 233,46 ; 255,51 ; 171,29 
8/08/18; 1.541,73 ; 869,76 ; 984,39 ; 1.047,99 ;;; 265,42 ; 281,79 ; 233,54 ; 255,53 ; 171,33 
9/08/18; 1.532,11 ; 863,82 ; 980,78 ; 1.043,89 ;;; 265,84 ; 282,68 ; 233,66 ; 256,10 ; 171,35 
10/08/18; 1.524,96 ; 861,69 ; 975,58 ; 1.038,55 ;;; 265,94 ; 282,60 ; 233,59 ; 256,02 ; 171,37 
13/08/18; 1.520,03 ; 858,37 ; 972,12 ; 1.034,87 ;;; 265,69 ; 281,97 ; 233,48 ; 255,61 ; 171,42 
14/08/18; 1.523,72 ; 838,65 ; 973,80 ; 1.036,55 ;;; 265,51 ; 282,13 ; 233,50 ; 255,71 ; 171,44 
15/08/18; 1.520,61 ; 829,01 ; 973,88 ; 1.036,44 ;;; 265,13 ; 282,22 ; 233,55 ; 255,79 ; 171,46 
16/08/18; 1.525,29 ; 834,42 ; 975,62 ; 1.038,32 ;;; 265,42 ; 282,67 ; 233,66 ; 256,09 ; 171,48 
17/08/18; 1.528,58 ; 835,48 ; 977,06 ; 1.040,00 ;;; 265,43 ; 282,51 ; 233,67 ; 256,00 ; 171,50 
21/08/18; 1.533,20 ; 836,91 ; 979,47 ; 1.042,73 ;;; 265,62 ; 283,06 ; 233,93 ; 256,42 ; 171,58 
22/08/18; 1.536,09 ; 828,72 ; 980,18 ; 1.043,59 ;;; 265,79 ; 283,76 ; 234,02 ; 256,87 ; 171,60 
23/08/18; 1.534,56 ; 821,33 ; 979,01 ; 1.042,07 ;;; 265,87 ; 284,00 ; 234,07 ; 257,02 ; 171,62 
24/08/18; 1.538,70 ; 816,89 ; 981,16 ; 1.044,57 ;;; 266,31 ; 284,21 ; 234,24 ; 257,22 ; 171,64 
27/08/18; 1.544,32 ; 792,24 ; 984,15 ; 1.047,70 ;;; 266,18 ; 284,43 ; 234,36 ; 257,39 ; 171,70 
28/08/18; 1.548,27 ; 797,19 ; 986,19 ; 1.049,97 ;;; 266,29 ; 284,17 ; 234,32 ; 257,22 ; 171,72 
29/08/18; 1.543,68 ; 811,26 ; 982,45 ; 1.046,13 ;;; 266,87 ; 283,56 ; 234,31 ; 256,86 ; 171,74 
30/08/18; 1.540,61 ; 812,78 ; 979,11 ; 1.042,95 ;;; 267,24 ; 283,46 ; 234,27 ; 256,79 ; 171,76 
31/08/18; 1.542,77 ; 803,35 ; 980,76 ; 1.044,34 ;;; 267,22 ; 283,52 ; 234,21 ; 256,80 ; 171,78 
3/09/18; 1.536,16 ; 802,23 ; 976,65 ; 1.040,12 ;;; 267,54 ; 283,87 ; 234,35 ; 257,06 ; 171,84 
4/09/18; 1.530,34 ; 806,31 ; 971,66 ; 1.035,20 ;;; 267,43 ; 283,56 ; 234,33 ; 256,87 ; 171,86 
5/09/18; 1.508,94 ; 801,62 ; 957,50 ; 1.020,64 ;;; 267,51 ; 283,56 ; 234,35 ; 256,88 ; 171,87 
6/09/18; 1.485,16 ; 796,96 ; 942,13 ; 1.004,65 ;;; 267,98 ; 283,48 ; 234,28 ; 256,80 ; 171,89 
7/09/18; 1.475,90 ; 799,46 ; 935,23 ; 997,77 ;;; 267,81 ; 282,47 ; 234,18 ; 256,17 ; 171,91 
10/09/18; 1.471,81 ; 800,23 ; 932,70 ; 994,99 ;;; 267,60 ; 282,04 ; 234,13 ; 255,90 ; 171,97 
11/09/18; 1.480,57 ; 799,78 ; 938,09 ; 1.000,63 ;;; 267,64 ; 282,16 ; 234,23 ; 255,91 ; 171,99 
12/09/18; 1.510,38 ; 793,75 ; 951,83 ; 1.015,19 ;;; 267,79 ; 282,71 ; 234,39 ; 256,39 ; 172,01 
13/09/18; 1.501,31 ; 791,91 ; 947,55 ; 1.010,37 ;;; 268,68 ; 283,31 ; 234,53 ; 256,80 ; 172,03 
14/09/18; 1.498,21 ; 788,10 ; 946,35 ; 1.008,19 ;;; 268,63 ; 283,24 ; 234,48 ; 256,74 ; 172,05 
17/09/18; 1.495,40 ; 786,61 ; 942,15 ; 1.003,94 ;;; 268,36 ; 283,43 ; 234,56 ; 256,88 ; 172,11 
18/09/18; 1.509,65 ; 783,02 ; 950,86 ; 1.012,80 ;;; 268,27 ; 283,64 ; 234,56 ; 257,00 ; 172,13 
19/09/18; 1.505,63 ; 776,41 ; 949,61 ; 1.010,63 ;;; 267,97 ; 283,19 ; 234,55 ; 256,74 ; 172,15 
20/09/18; 1.485,86 ; 773,48 ; 937,65 ; 998,42 ;;; 268,02 ; 283,24 ; 234,65 ; 256,80 ; 172,17 
21/09/18; 1.482,99 ; 778,03 ; 936,81 ; 998,18 ;;; 268,33 ; 283,71 ; 234,92 ; 257,18 ; 172,19 
24/09/18; 1.492,33 ; 777,03 ; 939,29 ; 1.000,20 ;;; 268,54 ; 283,90 ; 235,04 ; 257,35 ; 172,25 
25/09/18; 1.488,60 ; 778,75 ; 936,34 ; 996,99 ;;; 268,45 ; 283,70 ; 235,04 ; 257,23 ; 172,27 
26/09/18; 1.487,07 ; 779,11 ; 936,14 ; 996,71 ;;; 268,62 ; 283,81 ; 235,19 ; 257,35 ; 172,29 
27/09/18; 1.498,14 ; 778,28 ; 942,60 ; 1.003,36 ;;; 269,04 ; 284,22 ; 235,36 ; 257,66 ; 172,31 
28/09/18; 1.506,07 ; 768,51 ; 947,10 ; 1.007,97 ;;; 269,15 ; 284,51 ; 235,48 ; 257,87 ; 172,33 
1/10/18; 1.512,97 ; 766,27 ; 949,58 ; 1.010,21 ;;; 268,92 ; 280,14 ; 235,49 ; 257,76 ; 172,38 
2/10/18; 1.511,94 ; 763,15 ; 948,96 ; 1.009,89 ;;; 268,88 ; 284,19 ; 235,46 ; 257,66 ; 172,40 
3/10/18; 1.524,86 ; 759,95 ; 956,93 ; 1.018,13 ;;; 268,94 ; 284,17 ; 235,42 ; 257,63 ; 172,42 
4/10/18; 1.517,36 ; 758,67 ; 952,72 ; 1.014,28 ;;; 268,39 ; 283,34 ; 235,11 ; 257,01 ; 172,44 
5/10/18; 1.494,99 ; 760,91 ; 938,77 ; 999,49 ;;; 268,32 ; 283,05 ; 235,03 ; 256,79 ; 172,46 
8/10/18; 1.485,16 ; 758,21 ; 932,42 ; 992,85 ;;; 268,75 ; 283,82 ; 235,31 ; 257,37 ; 172,52 
9/10/18; 1.497,55 ; 762,32 ; 939,56 ; 1.000,37 ;;; 268,96 ; 283,87 ; 235,27 ; 257,39 ; 172,54 
10/10/18; 1.479,75 ; 760,17 ; 929,00 ; 989,01 ;;; 269,22 ; 283,74 ; 235,24 ; 257,30 ; 172,56 
11/10/18; 1.459,97 ; 758,88 ; 916,94 ; 977,01 ;;; 268,86 ; 282,73 ; 235,10 ; 256,61 ; 172,58 
12/10/18; 1.462,71 ; 762,69 ; 917,86 ; 977,80 ;;; 268,63 ; 282,04 ; 234,96 ; 256,13 ; 172,60 
16/10/18; 1.479,01 ; 761,47 ; 928,66 ; 988,44 ;;; 268,99 ; 282,69 ; 235,32 ; 256,66 ; 172,68 
17/10/18; 1.476,33 ; 763,13 ; 927,57 ; 987,53 ;;; 268,90 ; 283,29 ; 235,53 ; 257,11 ; 172,70 
18/10/18; 1.461,26 ; 761,10 ; 918,29 ; 977,98 ;;; 268,78 ; 282,77 ; 235,40 ; 256,74 ; 172,72 
19/10/18; 1.452,38 ; 754,98 ; 912,11 ; 971,64 ;;; 269,01 ; 283,12 ; 235,48 ; 256,99 ; 172,74 
22/10/18; 1.440,38 ; 749,30 ; 903,77 ; 962,90 ;;; 269,05 ; 283,27 ; 235,57 ; 257,11 ; 172,80 
23/10/18; 1.433,90 ; 746,36 ; 901,50 ; 960,47 ;;; 268,82 ; 282,61 ; 235,47 ; 256,66 ; 172,82 
24/10/18; 1.411,99 ; 740,11 ; 889,22 ; 947,76 ;;; 268,72 ; 282,19 ; 235,44 ; 256,38 ; 172,84 
25/10/18; 1.395,49 ; 740,51 ; 878,68 ; 935,88 ;;; 268,70 ; 281,70 ; 235,38 ; 256,05 ; 172,86 
26/10/18; 1.397,17 ; 739,81 ; 878,67 ; 935,84 ;;; 268,47 ; 281,08 ; 235,32 ; 255,63 ; 172,88 
29/10/18; 1.392,46 ; 730,44 ; 876,43 ; 933,58 ;;; 268,50 ; 281,14 ; 235,41 ; 255,70 ; 172,94 
30/10/18; 1.394,92 ; 742,72 ; 876,94 ; 934,52 ;;; 268,54 ; 280,78 ; 235,40 ; 255,47 ; 172,96 
31/10/18; 1.392,18 ; 741,16 ; 875,87 ; 932,53 ;;; 268,98 ; 281,38 ; 235,57 ; 255,91 ; 172,98 
1/11/18; 1.383,02 ; 736,15 ; 875,94 ; 932,54 ;;; 270,14 ; 282,12 ; 235,59 ; 256,40 ; 173,00 
2/11/18; 1.390,97 ; 746,52 ; 882,59 ; 939,53 ;;; 271,47 ; 281,32 ; 235,22 ; 255,77 ; 173,02 
6/11/18; 1.401,69 ; 745,55 ; 890,07 ; 947,36 ;;; 272,22 ; 281,90 ; 235,44 ; 256,21 ; 173,09 
7/11/18; 1.423,20 ; 754,96 ; 903,72 ; 961,70 ;;; 272,50 ; 283,31 ; 235,72 ; 257,21 ; 173,11 
8/11/18; 1.424,96 ; 751,62 ; 906,14 ; 964,25 ;;; 272,16 ; 283,53 ; 235,73 ; 257,36 ; 173,13 
9/11/18; 1.419,91 ; 748,71 ; 901,84 ; 959,75 ;;; 271,75 ; 282,94 ; 235,55 ; 256,92 ; 173,15 
13/11/18; 1.387,37 ; 749,36 ; 884,82 ; 941,79 ;;; 271,75 ; 283,07 ; 235,66 ; 257,04 ; 173,23 
14/11/18; 1.401,51 ; 745,77 ; 894,06 ; 951,47 ;;; 271,61 ; 283,00 ; 235,73 ; 257,01 ; 173,25 
15/11/18; 1.426,96 ; 747,95 ; 909,63 ; 967,87 ;;; 271,92 ; 283,33 ; 235,88 ; 257,27 ; 173,27 
16/11/18; 1.436,90 ; 748,07 ; 916,54 ; 975,21 ;;; 272,43 ; 284,21 ; 236,29 ; 257,98 ; 173,29 
19/11/18; 1.423,09 ; 740,58 ; 909,72 ; 968,00 ;;; 272,21 ; 284,19 ; 236,29 ; 257,96 ; 173,35 
20/11/18; 1.389,24 ; 742,10 ; 889,40 ; 946,68 ;;; 271,98 ; 283,76 ; 236,33 ; 257,69 ; 173,37 
21/11/18; 1.390,19 ; 720,91 ; 886,86 ; 943,96 ;;; 272,01 ; 284,07 ; 236,49 ; 257,94 ; 173,39 
22/11/18; 1.388,30 ; 724,35 ; 885,89 ; 942,85 ;;; 271,81 ; 285,29 ; 237,01 ; 258,90 ; 173,41 
23/11/18; 1.370,91 ; 728,49 ; 877,02 ; 933,47 ;;; 271,82 ; 284,86 ; 236,80 ; 258,55 ; 173,43 
26/11/18; 1.393,78 ; 730,53 ; 890,57 ; 947,82 ;;; 272,08 ; 284,60 ; 236,84 ; 258,40 ; 173,49 
27/11/18; 1.383,27 ; 722,79 ; 882,02 ; 938,72 ;;; 272,29 ; 284,62 ; 236,87 ; 258,42 ; 173,51 
28/11/18; 1.385,13 ; 723,65 ; 884,30 ; 941,09 ;;; 272,17 ; 283,62 ; 236,65 ; 257,70 ; 173,53 
29/11/18; 1.386,80 ; 732,48 ; 885,82 ; 942,71 ;;; 273,14 ; 285,41 ; 237,12 ; 259,01 ; 173,55 
30/11/18; 1.379,24 ; 728,09 ; 881,58 ; 938,33 ;;; 273,75 ; 286,00 ; 237,23 ; 259,43 ; 173,57 
3/12/18; 1.405,61 ; 738,59 ; 893,87 ; 951,37 ;;; 274,37 ; 286,81 ; 237,45 ; 260,02 ; 173,63 
4/12/18; 1.399,71 ; 738,06 ; 893,72 ; 951,16 ;;; 274,34 ; 287,09 ; 237,50 ; 260,22 ; 173,65 
5/12/18; 1.408,41 ; 735,47 ; 897,85 ; 955,53 ;;; 273,91 ; 287,00 ; 237,48 ; 260,16 ; 173,67 
6/12/18; 1.390,00 ; 734,18 ; 889,07 ; 946,24 ;;; 273,67 ; 286,69 ; 237,57 ; 259,99 ; 173,69 
7/12/18; 1.382,45 ; 735,99 ; 883,22 ; 940,09 ;;; 273,92 ; 287,92 ; 237,89 ; 260,89 ; 173,71 
10/12/18; 1.377,03 ; 730,28 ; 881,44 ; 938,19 ;;; 274,20 ; 287,94 ; 238,01 ; 260,94 ; 173,77 
11/12/18; 1.373,35 ; 721,49 ; 879,46 ; 936,11 ;;; 274,41 ; 288,37 ; 238,16 ; 261,26 ; 173,79 
12/12/18; 1.374,29 ; 723,12 ; 879,03 ; 935,68 ;;; 274,56 ; 288,21 ; 238,07 ; 261,13 ; 173,81 
13/12/18; 1.365,35 ; 723,66 ; 874,95 ; 931,30 ;;; 275,13 ; 288,73 ; 238,24 ; 261,52 ; 173,83 
14/12/18; 1.359,31 ; 722,78 ; 872,08 ; 928,28 ;;; 275,04 ; 288,66 ; 238,22 ; 261,46 ; 173,85 
17/12/18; 1.335,64 ; 721,55 ; 857,74 ; 913,18 ;;; 274,95 ; 288,88 ; 238,34 ; 261,64 ; 173,91 
18/12/18; 1.336,14 ; 720,48 ; 858,70 ; 914,31 ;;; 274,61 ; 289,03 ; 238,42 ; 261,77 ; 173,93 
19/12/18; 1.332,35 ; 719,68 ; 857,30 ; 912,80 ;;; 274,91 ; 289,34 ; 238,52 ; 262,00 ; 173,95 
20/12/18; 1.298,37 ; 718,55 ; 839,51 ; 893,74 ;;; 275,53 ; 290,53 ; 238,72 ; 262,83 ; 173,97 
21/12/18; 1.301,86 ; 707,41 ; 839,59 ; 893,77 ;;; 275,95 ; 290,95 ; 238,76 ; 263,12 ; 173,99 
24/12/18; 1.301,60 ; 719,04 ; 843,65 ; 898,20 ;;; 276,06 ; 291,14 ; 238,79 ; 263,26 ; 174,04 
26/12/18; 1.329,15 ; 719,04 ; 857,62 ; 912,95 ;;; 275,97 ; 291,07 ; 238,77 ; 263,20 ; 174,08 
27/12/18; 1.324,99 ; 722,03 ; 854,28 ; 909,40 ;;; 275,89 ; 291,06 ; 238,81 ; 263,21 ; 174,10 
28/12/18; 1.325,93 ; 727,53 ; 857,11 ; 912,34 ;;; 276,02 ; 291,50 ; 238,90 ; 263,52 ; 174,12 